Workbook

Sheet Skor SUS
A1: Perhitungan Skor System Usability Scale (SUS)
A2: Sumber: Data asli Google Form, 12 responden. Sel kuning = input jawaban 1-5.
A4: Responden | B4: Q1 | C4: Q2 | D4: Q3 | E4: Q4 | F4: Q5 | G4: Q6 | H4: Q7 | I4: Q8 | J4: Q9 | K4: Q10 | L4: Skor SUS
A5: R1 | B5: 5 | C5: 2 | D5: 5 | E5: 2 | F5: 5 | G5: 2 | H5: 5 | I5: 2 | J5: 4 | K5: 5 | L5: =2.5*((B5-1)+(5-C5)+(D5-1)+(5-E5)+(F5-1)+(5-G5)+(H5-1)+(5-I5)+(J5-1)+(5-K5)) -> 77.5
A6: R2 | B6: 5 | C6: 2 | D6: 5 | E6: 2 | F6: 1 | G6: 5 | H6: 4 | I6: 1 | J6: 5 | K6: 5 | L6: =2.5*((B6-1)+(5-C6)+(D6-1)+(5-E6)+(F6-1)+(5-G6)+(H6-1)+(5-I6)+(J6-1)+(5-K6)) -> 62.5
A7: R3 | B7: 5 | C7: 2 | D7: 4 | E7: 2 | F7: 4 | G7: 1 | H7: 4 | I7: 1 | J7: 5 | K7: 5 | L7: =2.5*((B7-1)+(5-C7)+(D7-1)+(5-E7)+(F7-1)+(5-G7)+(H7-1)+(5-I7)+(J7-1)+(5-K7)) -> 77.5
A8: R4 | B8: 5 | C8: 2 | D8: 4 | E8: 1 | F8: 5 | G8: 2 | H8: 4 | I8: 1 | J8: 5 | K8: 4 | L8: =2.5*((B8-1)+(5-C8)+(D8-1)+(5-E8)+(F8-1)+(5-G8)+(H8-1)+(5-I8)+(J8-1)+(5-K8)) -> 82.5
A9: R5 | B9: 5 | C9: 2 | D9: 5 | E9: 1 | F9: 4 | G9: 3 | H9: 5 | I9: 2 | J9: 5 | K9: 5 | L9: =2.5*((B9-1)+(5-C9)+(D9-1)+(5-E9)+(F9-1)+(5-G9)+(H9-1)+(5-I9)+(J9-1)+(5-K9)) -> 77.5
A10: R6 | B10: 5 | C10: 2 | D10: 5 | E10: 1 | F10: 5 | G10: 1 | H10: 5 | I10: 1 | J10: 4 | K10: 5 | L10: =2.5*((B10-1)+(5-C10)+(D10-1)+(5-E10)+(F10-1)+(5-G10)+(H10-1)+(5-I10)+(J10-1)+(5-K10)) -> 85
A11: R7 | B11: 4 | C11: 2 | D11: 4 | E11: 5 | F11: 4 | G11: 5 | H11: 5 | I11: 2 | J11: 5 | K11: 4 | L11: =2.5*((B11-1)+(5-C11)+(D11-1)+(5-E11)+(F11-1)+(5-G11)+(H11-1)+(5-I11)+(J11-1)+(5-K11)) -> 60
A12: R8 | B12: 4 | C12: 5 | D12: 5 | E12: 2 | F12: 4 | G12: 1 | H12: 2 | I12: 4 | J12: 5 | K12: 4 | L12: =2.5*((B12-1)+(5-C12)+(D12-1)+(5-E12)+(F12-1)+(5-G12)+(H12-1)+(5-I12)+(J12-1)+(5-K12)) -> 60
A13: R9 | B13: 4 | C13: 1 | D13: 5 | E13: 2 | F13: 4 | G13: 1 | H13: 4 | I13: 2 | J13: 5 | K13: 4 | L13: =2.5*((B13-1)+(5-C13)+(D13-1)+(5-E13)+(F13-1)+(5-G13)+(H13-1)+(5-I13)+(J13-1)+(5-K13)) -> 80
A14: R10 | B14: 4 | C14: 2 | D14: 5 | E14: 2 | F14: 4 | G14: 2 | H14: 4 | I14: 1 | J14: 5 | K14: 5 | L14: =2.5*((B14-1)+(5-C14)+(D14-1)+(5-E14)+(F14-1)+(5-G14)+(H14-1)+(5-I14)+(J14-1)+(5-K14)) -> 75
A15: R11 | B15: 4 | C15: 2 | D15: 4 | E15: 1 | F15: 5 | G15: 1 | H15: 5 | I15: 1 | J15: 5 | K15: 5 | L15: =2.5*((B15-1)+(5-C15)+(D15-1)+(5-E15)+(F15-1)+(5-G15)+(H15-1)+(5-I15)+(J15-1)+(5-K15)) -> 82.5
A16: R12 | B16: 5 | C16: 1 | D16: 5 | E16: 2 | F16: 4 | G16: 2 | H16: 3 | I16: 3 | J16: 3 | K16: 5 | L16: =2.5*((B16-1)+(5-C16)+(D16-1)+(5-E16)+(F16-1)+(5-G16)+(H16-1)+(5-I16)+(J16-1)+(5-K16)) -> 67.5
K18: Jumlah Responden (N) | L18: =COUNT(L5:L16) -> 12
K19: Rata-rata (Mean) | L19: =AVERAGE(L5:L16) -> 73.958333
K20: Median | L20: =MEDIAN(L5:L16) -> 77.5
K21: Standar Deviasi (sampel, n-1) | L21: =STDEV(L5:L16) -> 9.0740848
K22: Standar Deviasi (populasi, n) | L22: =STDEVP(L5:L16) -> 8.6877748
K23: Nilai Minimum | L23: =MIN(L5:L16) -> 60
K24: Nilai Maksimum | L24: =MAX(L5:L16) -> 85

Sheet Reliabilitas (Cronbach)
A1: Uji Reliabilitas Cronbach's Alpha (kontribusi item sudah di-recode arah SUS)
A2: Nilai tiap item diambil dari sheet 'Skor SUS'. Item ganjil = jawaban - 1, item genap = 5 - jawaban (rentang 0-4).
A4: Responden | B4: Q1 | C4: Q2 | D4: Q3 | E4: Q4 | F4: Q5 | G4: Q6 | H4: Q7 | I4: Q8 | J4: Q9 | K4: Q10 | L4: Total Skor Item
A5: R1 | B5: ='Skor SUS'!B5-1 -> 4 | C5: =5-'Skor SUS'!C5 -> 3 | D5: ='Skor SUS'!D5-1 -> 4 | E5: =5-'Skor SUS'!E5 -> 3 | F5: ='Skor SUS'!F5-1 -> 4 | G5: =5-'Skor SUS'!G5 -> 3 | H5: ='Skor SUS'!H5-1 -> 4 | I5: =5-'Skor SUS'!I5 -> 3 | J5: ='Skor SUS'!J5-1 -> 3 | K5: =5-'Skor SUS'!K5 -> 0 | L5: =SUM(B5:K5) -> 31
A6: R2 | B6: ='Skor SUS'!B6-1 -> 4 | C6: =5-'Skor SUS'!C6 -> 3 | D6: ='Skor SUS'!D6-1 -> 4 | E6: =5-'Skor SUS'!E6 -> 3 | F6: ='Skor SUS'!F6-1 -> 0 | G6: =5-'Skor SUS'!G6 -> 0 | H6: ='Skor SUS'!H6-1 -> 3 | I6: =5-'Skor SUS'!I6 -> 4 | J6: ='Skor SUS'!J6-1 -> 4 | K6: =5-'Skor SUS'!K6 -> 0 | L6: =SUM(B6:K6) -> 25
A7: R3 | B7: ='Skor SUS'!B7-1 -> 4 | C7: =5-'Skor SUS'!C7 -> 3 | D7: ='Skor SUS'!D7-1 -> 3 | E7: =5-'Skor SUS'!E7 -> 3 | F7: ='Skor SUS'!F7-1 -> 3 | G7: =5-'Skor SUS'!G7 -> 4 | H7: ='Skor SUS'!H7-1 -> 3 | I7: =5-'Skor SUS'!I7 -> 4 | J7: ='Skor SUS'!J7-1 -> 4 | K7: =5-'Skor SUS'!K7 -> 0 | L7: =SUM(B7:K7) -> 31
A8: R4 | B8: ='Skor SUS'!B8-1 -> 4 | C8: =5-'Skor SUS'!C8 -> 3 | D8: ='Skor SUS'!D8-1 -> 3 | E8: =5-'Skor SUS'!E8 -> 4 | F8: ='Skor SUS'!F8-1 -> 4 | G8: =5-'Skor SUS'!G8 -> 3 | H8: ='Skor SUS'!H8-1 -> 3 | I8: =5-'Skor SUS'!I8 -> 4 | J8: ='Skor SUS'!J8-1 -> 4 | K8: =5-'Skor SUS'!K8 -> 1 | L8: =SUM(B8:K8) -> 33
A9: R5 | B9: ='Skor SUS'!B9-1 -> 4 | C9: =5-'Skor SUS'!C9 -> 3 | D9: ='Skor SUS'!D9-1 -> 4 | E9: =5-'Skor SUS'!E9 -> 4 | F9: ='Skor SUS'!F9-1 -> 3 | G9: =5-'Skor SUS'!G9 -> 2 | H9: ='Skor SUS'!H9-1 -> 4 | I9: =5-'Skor SUS'!I9 -> 3 | J9: ='Skor SUS'!J9-1 -> 4 | K9: =5-'Skor SUS'!K9 -> 0 | L9: =SUM(B9:K9) -> 31
A10: R6 | B10: ='Skor SUS'!B10-1 -> 4 | C10: =5-'Skor SUS'!C10 -> 3 | D10: ='Skor SUS'!D10-1 -> 4 | E10: =5-'Skor SUS'!E10 -> 4 | F10: ='Skor SUS'!F10-1 -> 4 | G10: =5-'Skor SUS'!G10 -> 4 | H10: ='Skor SUS'!H10-1 -> 4 | I10: =5-'Skor SUS'!I10 -> 4 | J10: ='Skor SUS'!J10-1 -> 3 | K10: =5-'Skor SUS'!K10 -> 0 | L10: =SUM(B10:K10) -> 34
A11: R7 | B11: ='Skor SUS'!B11-1 -> 3 | C11: =5-'Skor SUS'!C11 -> 3 | D11: ='Skor SUS'!D11-1 -> 3 | E11: =5-'Skor SUS'!E11 -> 0 | F11: ='Skor SUS'!F11-1 -> 3 | G11: =5-'Skor SUS'!G11 -> 0 | H11: ='Skor SUS'!H11-1 -> 4 | I11: =5-'Skor SUS'!I11 -> 3 | J11: ='Skor SUS'!J11-1 -> 4 | K11: =5-'Skor SUS'!K11 -> 1 | L11: =SUM(B11:K11) -> 24
A12: R8 | B12: ='Skor SUS'!B12-1 -> 3 | C12: =5-'Skor SUS'!C12 -> 0 | D12: ='Skor SUS'!D12-1 -> 4 | E12: =5-'Skor SUS'!E12 -> 3 | F12: ='Skor SUS'!F12-1 -> 3 | G12: =5-'Skor SUS'!G12 -> 4 | H12: ='Skor SUS'!H12-1 -> 1 | I12: =5-'Skor SUS'!I12 -> 1 | J12: ='Skor SUS'!J12-1 -> 4 | K12: =5-'Skor SUS'!K12 -> 1 | L12: =SUM(B12:K12) -> 24
A13: R9 | B13: ='Skor SUS'!B13-1 -> 3 | C13: =5-'Skor SUS'!C13 -> 4 | D13: ='Skor SUS'!D13-1 -> 4 | E13: =5-'Skor SUS'!E13 -> 3 | F13: ='Skor SUS'!F13-1 -> 3 | G13: =5-'Skor SUS'!G13 -> 4 | H13: ='Skor SUS'!H13-1 -> 3 | I13: =5-'Skor SUS'!I13 -> 3 | J13: ='Skor SUS'!J13-1 -> 4 | K13: =5-'Skor SUS'!K13 -> 1 | L13: =SUM(B13:K13) -> 32
A14: R10 | B14: ='Skor SUS'!B14-1 -> 3 | C14: =5-'Skor SUS'!C14 -> 3 | D14: ='Skor SUS'!D14-1 -> 4 | E14: =5-'Skor SUS'!E14 -> 3 | F14: ='Skor SUS'!F14-1 -> 3 | G14: =5-'Skor SUS'!G14 -> 3 | H14: ='Skor SUS'!H14-1 -> 3 | I14: =5-'Skor SUS'!I14 -> 4 | J14: ='Skor SUS'!J14-1 -> 4 | K14: =5-'Skor SUS'!K14 -> 0 | L14: =SUM(B14:K14) -> 30
A15: R11 | B15: ='Skor SUS'!B15-1 -> 3 | C15: =5-'Skor SUS'!C15 -> 3 | D15: ='Skor SUS'!D15-1 -> 3 | E15: =5-'Skor SUS'!E15 -> 4 | F15: ='Skor SUS'!F15-1 -> 4 | G15: =5-'Skor SUS'!G15 -> 4 | H15: ='Skor SUS'!H15-1 -> 4 | I15: =5-'Skor SUS'!I15 -> 4 | J15: ='Skor SUS'!J15-1 -> 4 | K15: =5-'Skor SUS'!K15 -> 0 | L15: =SUM(B15:K15) -> 33
A16: R12 | B16: ='Skor SUS'!B16-1 -> 4 | C16: =5-'Skor SUS'!C16 -> 4 | D16: ='Skor SUS'!D16-1 -> 4 | E16: =5-'Skor SUS'!E16 -> 3 | F16: ='Skor SUS'!F16-1 -> 3 | G16: =5-'Skor SUS'!G16 -> 3 | H16: ='Skor SUS'!H16-1 -> 2 | I16: =5-'Skor SUS'!I16 -> 2 | J16: ='Skor SUS'!J16-1 -> 2 | K16: =5-'Skor SUS'!K16 -> 0 | L16: =SUM(B16:K16) -> 27
A17: Varian Item (sampel) | B17: =VAR(B5:B16) -> 0.26515152 | C17: =VAR(C5:C16) -> 0.99242424 | D17: =VAR(D5:D16) -> 0.24242424 | E17: =VAR(E5:E16) -> 1.1742424 | F17: =VAR(F5:F16) -> 1.1742424 | G17: =VAR(G5:G16) -> 2.1515152 | H17: =VAR(H5:H16) -> 0.87878788 | I17: =VAR(I5:I16) -> 0.93181818 | ... K17: =VAR(K5:K16) -> 0.24242424 | L17: =SUM(B17:K17) -> 8.4772727
A19: Jumlah item (k) | B19: =10 -> 10
A20: Jumlah varian item (Σσ²item) | B20: =L17 -> 8.4772727
A21: Varian skor total (σ²total) | B21: =VAR(L5:L16) -> 13.174242
A22: Cronbach's Alpha =k/(k-1)*(1-Σσ²item/σ²total) | B22: =(B19/(B19-1))*(1-B20/B21) -> 0.39614082
A24: Interpretasi (George & Mallery 2003): α<0,60 rendah; 0,60-0,70 sedang; 0,70-0,80 cukup; 0,80-0,90 tinggi; >0,90 sangat tinggi.
